L,n,k,t_err,repeat_keygen,repeat_encdec,success_rate,keygen_ms_mean,keygen_ms_std,encrypt_ms_mean,encrypt_ms_std,decrypt_ms_mean,decrypt_ms_std,pubkey_bytes_mean,pubkey_bytes_std,privkey_bytes_mean,privkey_bytes_std,plaintext_bytes_raw,ciphertext_bytes_raw,expansion_ratio_n_over_k
5,75,55,1,10,10,1.0,2.46002,1.042506633925069,0.03254,0.007568090908544901,0.07731,0.006899669879381512,516.0,0.0,445.0,0.0,6.875,9.375,1.3636363636363635
10,150,110,1,10,10,1.0,13.71358,7.870146608234888,0.05082,0.005855443810867133,0.14917,0.006003526741285766,2063.0,0.0,1663.0,0.0,13.75,18.75,1.3636363636363635
15,225,165,1,10,10,1.0,22.64146,12.954701444666506,0.07031,0.007602258436368325,0.22311,0.006920091521552778,4641.0,0.0,3629.0,0.0,20.625,28.125,1.3636363636363635
20,300,220,1,10,10,1.0,44.71088,14.262933422749253,0.12508,0.04650519206377809,0.31827,0.05719664034422535,8250.0,0.0,6388.0,0.0,27.5,37.5,1.3636363636363635
